# FMS Node partition table - demo, 8 MB flash, NO OTA yet.
# Name,     Type, SubType, Offset,  Size,  Flags
nvs,        data, nvs,     0x9000,  24K,
phy_init,   data, phy,     0xf000,  4K,
factory,    app,  factory, 0x10000, 4M,
#
# TODO(OTA): future layout when OTA is added (drop 'factory', add):
#   otadata,  data, ota,      0xd000,  8K
#   ota_0,    app,  ota_0,    0x10000, 3M
#   ota_1,    app,  ota_1,    ,        3M
#   storage,  data, spiffs,   ,        rest   <- LittleFS segment spool for spooler
